<?xml version="1.0" encoding="utf-8"?>
<!--/347644/1307308/2.50/5/4/Relay or Contactor/-->
<quadcept_library>
  <setting unit="mil" />
  <textstyle name="Default" height="47.244094488189" strokewidth="7.8740157480315" charwidth="47.244094488189" />
  <textstyle name="Dimension" height="19.6850393700787" strokewidth="0" charwidth="19.6850393700787" />
  <textstyle name="H127W0635TH00762" height="50" strokewidth="3" charwidth="25" />
  <textstyle name="H15W15TH02" height="59.0551181102362" strokewidth="7.8740157480315" charwidth="59.0551181102362" />
  <padstyle name="c120_h75" surface="False" plated="True" isvia="False" nopaste="True" nomask="True" complex="False" holesize="29.527559055118">
    <padshape layer="TOP" shape="round" width="47.244094488188" height="47.244094488188" />
    <padshape layer="TOP_SOLDER_MASK" shape="round" width="55.11811023622" height="55.11811023622" />
    <padshape layer="INNER" shape="round" width="47.244094488188" height="47.244094488188" />
    <padshape layer="BOTTOM" shape="round" width="47.244094488188" height="47.244094488188" />
    <padshape layer="BOTTOM_SOLDER_MASK" shape="round" width="55.11811023622" height="55.11811023622" />
  </padstyle>
  <footprint name="IMC03TS" originx="0" originy="0" pickpointx="0" pickpointy="0">
    <pcbpin number="1" name="1" style="c120_h75" originx="-149.6062992126" originy="-90.944881889763" rotation="90" />
    <pcbpin number="2" name="3" style="c120_h75" originx="62.992125984251" originy="-90.944881889763" rotation="90" />
    <pcbpin number="3" name="5" style="c120_h75" originx="149.6062992126" originy="109.05511811023" rotation="90" />
    <pcbpin number="4" name="7" style="c120_h75" originx="-23.622047244094" originy="109.05511811023" rotation="90" />
    <pcbpin number="5" name="8" style="c120_h75" originx="-149.6062992126" originy="109.05511811023" rotation="90" />
    <line layer="TOP_ASSEMBLY" originx="-196.85039370078" originy="127.16535433071" endx="196.85039370078" endy="127.16535433071" width="7.8740157480314" />
    <line layer="TOP_ASSEMBLY" originx="196.85039370078" originy="127.16535433071" endx="196.85039370078" endy="-109.05511811023" width="7.8740157480314" />
    <line layer="TOP_ASSEMBLY" originx="196.85039370078" originy="-109.05511811023" endx="-196.85039370078" endy="-109.05511811023" width="7.8740157480314" />
    <line layer="TOP_ASSEMBLY" originx="-196.85039370078" originy="-109.05511811023" endx="-196.85039370078" endy="127.16535433071" width="7.8740157480314" />
    <line layer="TOP_PLACE_BOUND" originx="-236.22047244094" originy="172.04724409449" endx="236.22047244094" endy="172.04724409449" width="3.9370078740157" />
    <line layer="TOP_PLACE_BOUND" originx="236.22047244094" originy="172.04724409449" endx="236.22047244094" endy="-172.04724409449" width="3.9370078740157" />
    <line layer="TOP_PLACE_BOUND" originx="236.22047244094" originy="-172.04724409449" endx="-236.22047244094" endy="-172.04724409449" width="3.9370078740157" />
    <line layer="TOP_PLACE_BOUND" originx="-236.22047244094" originy="-172.04724409449" endx="-236.22047244094" endy="172.04724409449" width="3.9370078740157" />
    <line layer="TOP_SILKSCREEN" originx="-196.85039370078" originy="127.16535433071" endx="-196.85039370078" endy="-109.05511811023" width="3.9370078740157" />
    <line layer="TOP_SILKSCREEN" originx="196.85039370078" originy="127.16535433071" endx="196.85039370078" endy="-109.05511811023" width="3.9370078740157" />
    <line layer="TOP_SILKSCREEN" originx="196.85039370078" originy="-109.05511811023" endx="103.14960629921" endy="-109.05511811023" width="3.9370078740157" />
    <line layer="TOP_SILKSCREEN" originx="-153.54330708661" originy="-128.74015748031" endx="-153.54330708661" endy="-128.74015748031" width="7.8740157480314" />
    <arc layer="TOP_SILKSCREEN" originx="-149.6062992126" originy="-128.74015748031" startangle="180.0" sweepangle="-180.0" radius="3.9370078740157" width="7.8740157480314" />
    <line layer="TOP_SILKSCREEN" originx="-145.66929133858" originy="-128.74015748031" endx="-145.66929133858" endy="-128.74015748031" width="7.8740157480314" />
    <arc layer="TOP_SILKSCREEN" originx="-149.6062992126" originy="-128.74015748031" startangle=".0" sweepangle="-180.0" radius="3.9370078740157" width="7.8740157480314" />
  </footprint>
  <symbol name="IMC03TS" originx="0" originy="0">
    <line originx="200" originy="100" endx="800" endy="100" width="0" />
    <line originx="800" originy="-300" endx="800" endy="100" width="0" />
    <line originx="800" originy="-300" endx="200" endy="-300" width="0" />
    <line originx="200" originy="100" endx="200" endy="-300" width="0" />
    <sympin number="1" originx="200" originy="0" rotation="180" length="100" width="7.8740157480315" flipped="False">
      <text name="pinname" originx="230" originy="0" style="Default" rotation="0" justify="left" flipped="False" hidden="False" data="+" />
      <text name="pindes" originx="140" originy="20" style="Default" rotation="0" justify="lowerright" flipped="False" hidden="False" data="1" />
    </sympin>
    <sympin number="3" originx="200" originy="-100" rotation="180" length="100" width="7.8740157480315" flipped="False">
      <text name="pinname" originx="230" originy="-100" style="Default" rotation="0" justify="left" flipped="False" hidden="False" data="COM" />
      <text name="pindes" originx="140" originy="-80" style="Default" rotation="0" justify="lowerright" flipped="False" hidden="False" data="3" />
    </sympin>
    <sympin number="5" originx="800" originy="-200" rotation="0" length="100" width="7.8740157480315" flipped="False">
      <text name="pinname" originx="770" originy="-200" style="Default" rotation="0" justify="right" flipped="False" hidden="False" data="NO" />
      <text name="pindes" originx="860" originy="-180" style="Default" rotation="0" justify="lowerleft" flipped="False" hidden="False" data="5" />
    </sympin>
    <sympin number="7" originx="800" originy="-100" rotation="0" length="100" width="7.8740157480315" flipped="False">
      <text name="pinname" originx="770" originy="-100" style="Default" rotation="0" justify="right" flipped="False" hidden="False" data="NC" />
      <text name="pindes" originx="860" originy="-80" style="Default" rotation="0" justify="lowerleft" flipped="False" hidden="False" data="7" />
    </sympin>
    <sympin number="8" originx="800" originy="0" rotation="0" length="100" width="7.8740157480315" flipped="False">
      <text name="pinname" originx="770" originy="0" style="Default" rotation="0" justify="right" flipped="False" hidden="False" data="-" />
      <text name="pindes" originx="860" originy="20" style="Default" rotation="0" justify="lowerleft" flipped="False" hidden="False" data="8" />
    </sympin>
  </symbol>
  <component name="IMC03TS" designatorprefix="K" height="196.85039370078" footprint="IMC03TS">
    <comppin designator="1" sympin="1" pinswap="0" gateswap="0" gate="1" group="1" side="" type="Any" name="+" />
    <comppin designator="3" sympin="3" pinswap="0" gateswap="0" gate="1" group="1" side="" type="Any" name="COM" />
    <comppin designator="5" sympin="5" pinswap="0" gateswap="0" gate="1" group="1" side="" type="Any" name="NO" />
    <comppin designator="7" sympin="7" pinswap="0" gateswap="0" gate="1" group="1" side="" type="Any" name="NC" />
    <comppin designator="8" sympin="8" pinswap="0" gateswap="0" gate="1" group="1" side="" type="Any" name="-" />
    <attached_symbol gate="1" name="IMC03TS" />
    <pinmap designator="1" footprintpin="1" />
    <pinmap designator="3" footprintpin="2" />
    <pinmap designator="5" footprintpin="3" />
    <pinmap designator="7" footprintpin="4" />
    <pinmap designator="8" footprintpin="5" />
    <text name="Datasheet" originx="0" originy="0" style="Default" rotation="0" justify="" flipped="False" hidden="True" data="https://componentsearchengine.com/Datasheets/1/IMC03TS.pdf" />
    <text name="Description" originx="0" originy="0" style="Default" rotation="0" justify="" flipped="False" hidden="True" data="TE CONNECTIVITY - IMC03TS - RELAY, SIGNAL, SPDT, 30VDC, 2A" />
    <text name="Manufacturer_Name" originx="0" originy="0" style="Default" rotation="0" justify="" flipped="False" hidden="True" data="TE Connectivity" />
    <text name="Manufacturer_Part_Number" originx="850" originy="200" style="Default" rotation="0" justify="left" flipped="False" hidden="False" data="IMC03TS" />
    <text name="Mouser Part Number" originx="0" originy="0" style="Default" rotation="0" justify="" flipped="False" hidden="True" data="655-IMC03TS" />
    <text name="Mouser Price/Stock" originx="0" originy="0" style="Default" rotation="0" justify="" flipped="False" hidden="True" data="https://www.mouser.co.uk/ProductDetail/TE-Connectivity/IMC03TS?qs=cjQ5B1jJSzR1ZiTl5Tzf3w%3D%3D" />
    <text name="Arrow Part Number" originx="0" originy="0" style="Default" rotation="0" justify="" flipped="False" hidden="True" data="IMC03TS" />
    <text name="Arrow Price/Stock" originx="0" originy="0" style="Default" rotation="0" justify="" flipped="False" hidden="True" data="https://www.arrow.com/en/products/imc03ts/te-connectivity?region=nac" />
  </component>
</quadcept_library>
